職缺名稱,發佈日期,連結,詳細內容
本會網站「求才訊息」免責聲明,2016-08-24,https://www.nstc.gov.tw/folksonomy/detail/b4a0bc0a-cdb8-4264-9ee6-cdfe68508d93?l=ch,"(一)本會網站「求才訊息」內容由受本會補助之大專院校及研究機關(構)或其所屬之研究人員所刊登(以下簡稱訊息刊登者)，本會僅提供訊息轉載之資訊服務平台，不對刊登內容進行任何背書與保證。
(二)本會已要求訊息刊登者應提供詳實真確之資訊，並請訊息刊登者對其所刊登內容負完全責任，惟求才訊息使用人(以下簡稱訊息使用人)亦應負自行查證之責任。
(三)在任何情況下，本會不須就訊息使用人由於直接或間接使用本會網站「求才訊息」內容而招致的任何損失或損害負上任何責任，包括但不限於利益損失、人身傷害或死亡。
(四)本會保留隨時更新本免責聲明的權利，任何更改於本網站發佈時，立即生效。請訊息使用人於每次瀏覽本網站「求才訊息」時，務必查看此免責聲明。如訊息使用人繼續使用本網站「求才訊息」，即代表訊息使用人同意接受更改後的免責聲明約束。"
國立臺灣科技大學產學營運智財技轉中心-智權管理師一名(計畫人員),2025-07-22,https://www.nstc.gov.tw/folksonomy/detail/201c6238-e246-4096-8ffe-2ef3440d95bf?l=ch,"工作項目：
1.工程、應科、人文學院下列案件業務辦理與收益分配
專利授權、讓與、技術移轉案。
產學合作案含技術移轉金。
國科會先期技轉案上繳。
2.產學案、專利授權案分期應收權利金與衍生利益金之盤點與追蹤、分配。
3.協助校內外技轉績效、技專校院資料庫填報、校內技轉法規與合約修訂。
4.技轉業務、技轉法規、合約、利益衝突等網頁維護與公告。
5.高教深耕計畫之技轉相關業務撰寫、執行、績效提供。
6.標準作業程序與分層負責修訂。
7.資安、個資管理、內部稽核、風險評估作業及校內各式報告。
8.國科會通案授權自主管理資格之申請辦理。
9.主管臨時交辦事項辦理。
工作地點： 台北市大安區 基隆路四段43號醫揚大樓4樓 產學處智財技轉中心
工作時間： 日班 工作
職務類別：文件管理師、其他專案管理師、商標／專利人員
薪資標準：視相關年資，依國立臺灣科技大學計畫專任助理工作酬金支給標準表 (本職缺為高教深耕計畫經費，年終獎金1.5個月（第一年依在職月數比例而定）），學校另有寒暑休，天數均約8天。https://www.personnel.ntust.edu.tw/var/file/66/1066/img/2831/422325455.pdf
工作經歷：3年以上尤佳，應屆畢業可。
學歷：大學、碩士
科系限制：不限
1.歡迎智慧財產相關系所學經歷背景專業人員優先加入。
2.擅溝通與協調。
3.主動、積極、負責任。
4.細心、耐心、專案進度管理。
5.富執行能力及追求學習、工作熱忱。
請備履歷與相關課程證書 郵寄：sophia68@mail.ntust.edu.tw 丁經理
相關提問請洽 02 27301094
截止期限：114年9月30日。
工作待遇：月薪35,115元 ~ 52,265元，依學歷與相關經歷敘薪。
休假制度：依勞基法規定
可上班日：一個月內
歡迎身分：應屆畢業生 、 二度就業
語文條件
中文(聽:精通、說:精通、讀:精通、寫:精通)
英文(聽:中等、說:中等、讀:中等、寫:中等)
擅長工具：
Word
Excel
PowerPoint
Outlook
工作技能：
行政事務處理
文書處理╱排版能力
文件檔案資料處理、轉換及整合工作
輸入資料與原始文件檔案比對審核
證照：智慧財產人員能力認證為佳。
其他條件
1. 中文/英文聽說讀寫流利
2. 熟悉電腦文書作業(Microsoft Office軟體)
4. 無經驗可，須細心並具備良好的溝通協調能力
5. 具公文處理經驗者尤佳
6. 本職位屬專案性質，契約一年一聘。
發佈日期：2025-07-22 00:00:00"
臺中榮民總醫院 細胞治療與再生醫學中心實驗室  徵求專任研究助理2名,2025-07-22,https://www.nstc.gov.tw/folksonomy/detail/34c2a989-0aab-480f-bc9b-afbdad092ba5?l=ch,"【應徵要求】
1. 工作經歷：不拘
2. 國內、外大學生命科學、生物學、醫技系、醫藥衛生學科相關學系，具碩士學位尤佳。
3. 具細胞培養經驗，熟悉免疫或是分生相關技術(諳流式細胞儀者尤佳)
【工作內容】
1. 幹細胞及免疫細胞的分離與培養。
2. 細胞產品相關檢驗與確效實驗。
3. 實驗標準作業程序書SOP。
4. GTP實驗室維護、儀器設備、物料管理等。
【工作地點】
臺中榮民總醫院醫學研究大樓2F細胞治療與再生醫學中心實驗室
【工作時間】
比照臺中榮民總醫院工作時數規定。
【薪資】
1. 比照臺中榮民總醫院研究計畫助理人員薪資表規定，碩士級第一年41,990起算，並依工作年資往上調升，過去年資可追認，享勞健保。
2. 試用期3個月。
【其他】
有過去研究經驗、論文成果等將從優量。
【應徵方式】
意者請於114/9/30(二）前將個人履歷、自傳、畢業證書及其他相關資料：
1. 掛號郵寄：407219臺中市西屯區臺灣大道四段1650號研究大樓208室，信封上請註明「應徵細胞治療與再生醫學中心計畫專任助理」。
2. e-mail：kdlee1964@gmail.com ，信件標題請寫：OOO-
細胞治療與再生醫學中心計畫專任助理。
3. 經審查符合報考資格者，另行通知參加面試，資格條件不符者恕不通知或退件。
發佈日期：2025-07-22 00:00:00"
中國醫藥大學生化暨分子生物研究所 張瓊文老師實驗室博士後研究員,2025-07-22,https://www.nstc.gov.tw/folksonomy/detail/719b9ddc-32e0-4394-91f9-10cf2667cc2c?l=ch,"中國醫藥大學生化暨分子生物研究所 張瓊文老師實驗室博士後研究員
【職缺名稱】國科會補助研究計畫--博士後研究員
【徵才單位】中國醫藥大學生化暨分子生物研究所 張瓊文老師實驗室
【工作地址】中國醫藥大學 創研大樓 (台中市北屯區經貿路一段100號)
【工作內容】有研究及學習熱情、態度積極負責、研究計畫交辦之相關事項
【徵才條件】
1. 具學習心、溝通、獨立思考及解決問題能力
2. 具蛋白質表達與純化實驗相關經驗尤佳
3. 具蛋白質結構及資訊相關經驗尤佳
4. 生物化學及分子或細胞生物學
【薪資待遇】依本校博士後研究員工作酬金核定(58000元~79000元)
【聯絡方式】意者請將履歷表、學經歷證明、個人論文著作資料、其他有利審查之資料，寄至: marychang0820@gmail.com信箱。
並於信件標題註明: 應徵張瓊文老師實驗室博士後研究員
聯絡電話: 04-22053366#6513
發佈日期：2025-07-22 00:00:00"
國立中正大學管理學院金融科技碩士學位學程誠徵專任教師,2025-07-22,https://www.nstc.gov.tw/folksonomy/detail/1c13d6a5-fb80-44bb-b0c7-d55959feca2b?l=ch,"一、徵聘職級及員額: 助理教授級(含)以上師資1名
二、起聘日期: 民國 115年2月1日或115年8月1日
三、應徵資格:
1.具教育部認可國內外具財務或資訊管理相關博士學位。
2.研究教學專長領域為財金資訊或金融科技相關。
3.具備雙語(中英)授課能力，具有旅外教學、研究經驗者尤佳。
4.能夠教授金融科技導論，金融科技市場與服務及其他財金資訊相關課程。
5.經審核進入面試之申請人，需以全英語進行研究論文發表及教學課程試教。
6.一學年需開授至少一門全英語授課(EMI)課程，協助管理學院英語教學事務。
7.本校依性別平等教育法第27條第4項規定，需辦理性侵害犯罪紀錄查詢。
四、應備文件:
1.履歷表。
2.應徵信函。
3.博士學位證(明)書及學經歷證(明)書 (尚未取得畢業證書者，請檢附臨時學位證明或指導
教授出具之預計畢業之證明)。
4.近五年內著作目錄及相關著作。
5.可教授科目表(含課程大綱)。
6.有意應徵者請將上述文件依序排列，彙整為一個電子檔(pdf)，於民國114年9月15日前， e-mail至colmgt@ccu.edu.tw，電子郵件主旨請標明「應徵國立中正大學管理學院金融科技碩士學位學程專任教師」。
五、聯絡方式:
電話: 886-(0)5-2720411轉分機24001連小姐或分機24008韓小姐，金融科技碩士學位學程網址: https://mft.ccu.edu.tw/
六、合適者優先安排面談。
發佈日期：2025-07-22 00:00:00"
臺灣大學醫學院附設醫院癌醫中心分院腫瘤部林宗哲醫師誠徵研究助理,2025-07-22,https://www.nstc.gov.tw/folksonomy/detail/2ae43b95-4310-4c10-8c0a-8f8e2b253e3f?l=ch,"一、工作內容:
1. 傳統分子與細胞生物學實驗: Cell culture、Western Blotting、Real-Time PCR、MTT、Flow Cytometry
2. 臨床檢體處理與免疫組織學染色
3. Oncolytic virus 實驗
4. 動物實驗
5. 空間體學相關實驗
二、應徵條件:
1.生命科學相關科系畢業
2.工作內容技術擇一即可，不必所有技能齊備
3.基本中英文溝通
三、工作地點: 台大醫院第五共研(徐州路公衛大樓8F)
四、薪資: 比照「國立臺灣大學計畫專任研究助理支給參考表」，碩士級第一年41,500元，學士級第一年36,300元(以正式工作證明追認年資).
五、其他: 此為長期職缺，全時工作，不可兼差。
六、聯絡方式:  意者請將履歷等相關資料Email至iltsai1987@ntuh.gov.tw 蔡先生
合適者聯絡面試，不合適者恕不另行通知，謝謝！
發佈日期：2025-07-22 00:00:00"
淡江大學學校財團法人淡江大學114學年度第2學期延攬【專任】師資公告(資工、水環、化材、財金、統計、公行系),2025-07-22,https://www.nstc.gov.tw/folksonomy/detail/58455071-2a90-4160-9389-b15426bd512e?l=ch,"1.學術專長、領域：
(1)資訊安全、人工智慧、電腦視覺、作業系統、計算機組織、金融科技。
(2)水利工程相關領域，並可教授環境工程相關課程。
(3)化學工程、材料工程、減碳技術或人工智慧相關領域。
(4)金融科技、公司理財、投資、財務工程、財務計量、財務風險管理。
(5)統計與資料科學相關領域。
(6)民商法或科技法或公法。(請註明能教授之民商法或科技法或公法之課程至少一門)
2.系統填資料(https://psn.ais.tku.edu.tw/staffsjob)。
3.請注意應徵截止日期(詳本校網頁公告，https://reurl.cc/mYnrV9)。
發佈日期：2025-07-22 00:00:00"
國立台灣科技大學化學工程學系誠徵助理教授(含)以上專任教師1-3名,2025-07-22,https://www.nstc.gov.tw/folksonomy/detail/bf93b90d-f52a-4fd9-944c-81fdd8ea60e6?l=ch,"一、職稱：助理教授(含)以上專任教師1-3名(得候補壹名)。
二、應聘資格：
(一) 具化學工程、化學、生化、能源、材料、環工、高分子或人工智慧等相關專長博士學位。
(二) 各領域優秀研究表現或潛力之學者。
(三) 可支援系/院國際交流服務及全英語課程。
(四) 能以中文溝通、以英文教授化學工程專業課程。
(五) 至起聘日止，「具備一年以上與任教領域相關之業界實務工作經驗，但本法施行 (2015年1月14日) 前已在職之專任合格教師，不在此限。前項與任教領域相關之業界實務工作經驗之認定標準，由中央主管機關定之。」(技術及職業教育法第25條)
(六) 前述一年以上國內外業界實務工作經驗認定標準，如為國內外學術機構者，僅採認執行產學合作計畫之主持人、共同主持人、協同研究人員、博士後研究、就讀博士期間參與計畫。參與合作計畫期間，以兼任職務折半計算，即工作經驗要求兩年。 (本校專業或技術科目教師業界實務工作採認作業要點)
(七) 曾有下列情事之一者，本校不得僱用為專任老師：
•	犯性侵害犯罪防治法第二條第一項之性侵害犯罪，經有罪判決確定。
•	經學校性別平等教育委員會（以下簡稱性平會）或依法組成之相關委員會調查確認有性侵害行為屬實。
•	經學校性平會或依法組成之相關委員會調查確認有性騷擾或性霸凌行為，有終止契約及終身不得擔任教育從業人員之必要。
•	經學校性平會或依法組成之相關委員會調查確認有性騷擾或性霸凌行為，有終止契約之必要，且議決一年至四年不得擔任教育從業人員，於該管制期間。
•	經主管教育行政機關認定符合補習及進修教育法第九條第六項第二款之情事。
•	經主管教育行政機關認定符合補習及進修教育法第九條第六項第三款之情事，且於該認定一年至四年不得聘用或僱用期間。
三、檢附資料：
(一) 個人履歷表 (含最近七年學術著作及其他相關研究成果)。
(二) 博士論文。
(三) 大學、碩士、博士畢業證書及大學、碩士、博士成績單影本。
(四) 身分證或護照影本、教師證書影本 (已具教師證者)。
(五) 擬開設課程與教學大綱 (二門課、各3學分)。
(六) 未來研究計畫書 (至多20頁)。
(七) 其他有利審查之證明文件。
(八) 本系新聘教師申請人資料一覽表（請逕至本系網站/表單與連結/教師類表單下載填寫)。
(九) 通過本系初審後，請推薦人將至少三封推薦函，以紙本及電子檔寄送本系教評會召集人何明樺教授 (系主任) (mhho@mail.ntust.edu.tw)。
四、起聘日期：自115年2月1日。
五、申請截止日期：前述資料(一)~(八)項紙本資料，請於114年8月22日前將電子檔寄至salraw@mail.ntust.edu.tw  (化工系辦王慧怡小姐)，(一)~(八)電子檔資料請勿融合為一個檔案。
六、聯絡人：王慧怡小姐
email：salraw@mail.ntust.edu.tw
電話：+886-2-27376611
傳真：+886-2-27376644
七、應聘教師所繳交之個人資料僅限於聘任作業使用，非經當事人同意絶不轉做其他用途，並遵循個人資料保護法辦理。
發佈日期：2025-07-22 00:00:00"
靜宜大學國際學院誠徵專任教師或專案約聘教師  1名,2025-07-22,https://www.nstc.gov.tw/folksonomy/detail/6d8080e4-a0cd-4993-a4a8-936e22aeb21f?l=ch,"應徵資格
Requirements
1. 具國內外博士學位或助理教授以上資格，商管、國際企業、財務金融、行銷、策略管理等相關領域尤佳。
2. 曾於大專校院以全英文教授相關課程，能運用創新教學法與數位工具者優先。
3. 具國際實務工作經驗者尤佳，能勝任跨文化溝通與國際專案推動。
4. 熱衷推動國際化教育、參與校務發展與學生輔導，能配合推動本學程發展者。
工作內容
Work Content	有熱誠從事教學、學生輔導和研究，全力配合推動本學程發展。
檢附證件
Required Materials
請備妥下列文件，履歷表以excel檔案格式提供，其餘文件以PDF檔案格式，email至
tia99410563@pu.edu.tw (主旨：應徵教師)，毋須郵寄紙本文件。
1. 履歷（含自傳、聯絡地址、電話、學經歷等）
2. 博士學位證書影本 (國外學歷證書及成績單，務請先經駐外單位驗證。)
3. 教師證書影本（初次任教者免）
4. 經歷證明文件影本
5. 博士論文摘要
6. GMBA可教授課程規劃（含核心課程與選修課程）。課程及課綱請參考本校選課網址：
https://alcat.pu.edu.tw/2011courseAbstract/main.php
7. 推薦信1～2封
8. 近五年代表著作
9. 其他有利審查之資料
備註:
1.國外學歷證書及成績單，務請先經駐外單位驗證。
2.檢附資料均不退還。
每月薪資
Monthly Salary	84,870元起
收件截止日期
Deadline	114/08/30
聯絡訊息
Contact Information	陳均祐 ( 04-26328001轉分機:19205 / 電子信箱:tia99410563@pu.edu.tw )
發佈日期：2025-07-22 00:00:00"
@國立臺灣師範大學健康促進與衛生教育學系徵聘教師徵至114年8月31日(日)截止@,2025-07-22,https://www.nstc.gov.tw/folksonomy/detail/380a996d-7b17-4915-8c3f-925b5ef77e42?l=ch,"一、職級及名額：專任或專案助理教授(含)以上教師。
二、學術專長符合以下其一領域者，並具備優異學術發展潛力者：
★公共衛生教育相關領域
★健康行銷與傳播領域(含媒體設計製作)
★心理健康相關領域
★健康政策與管理相關領域
★健康促進與預防醫學領域
三、學經歷資格符合條件與相關規定：
除獲有博士學位之初任教師外*，新聘專任教師應具有下列條件：
(一)國內外大學畢業獲有博士學位者。
(二)除獲有博士學位之初任教師外，新聘專任教師應具有最近3年應有2篇論文發表
於SCI、SCIE、SSCI或TSSCI之學術期刊且為第一作者或通訊作者。或最近三年至少應主持二個
國科會研究計畫。
(三)具國外學歷或曾任職於國外學術研究機構為佳。。
(四)具全英語授課能力。(到職後每學期至少開授一門EMI全英語課程)
申請日期：即日起至114年8月31日(日)截止。
詳細資訊請連結本學系系網最新公告
https://www.he.ntnu.edu.tw/index.php/2025/06/04/2-2/
發佈日期：2025-07-22 00:00:00"
中山醫學大學職業安全衛生學系誠徵專任助理教授以上1位(收件至114/08/11),2025-07-22,https://www.nstc.gov.tw/folksonomy/detail/9036fcc7-77cc-42fa-918f-7788ea8bce30?l=ch,"＊徵才學校：中山醫學大學
＊徵才系所：職業安全衛生學系
＊擬聘職稱及人數：專任助理教授(含)以上1位(從114學年度第2學期起聘)
＊類別：理工
＊學歷：博士
＊需具備專長：
一、職業安全或職業衛生領域
二、具職業安全衛生實務經驗、或具相關學術研究/產學合作計畫主持或參與經驗
三、可授課科目：
(1) 廠礦安全與評鑑實務
(2) 微積分
(3) 行業危害個論
(4) 風險評估
(5) 國際標準認證
(6) 光電與半導體職業衛生
(7) 職業安全
(8) 職業衛生
(9) 其他職業安全衛生相關課程
四、具英語授課能力者佳
五、具職業安全衛生相關證照者佳
六、具推動智慧科技減災相關實務/專案經驗者佳
七、具推動ESG永續或企業社會責任相關實務/專案經驗者佳
※本系將依上述條件進行綜合評估，擇優遴聘。
※應聘教師資格須符合本校「教師聘任及升等評審辦法」及「教師多元升等實施辦法」中B類該職級標準之規定。
※相關資訊及表格會刊登於本系首頁(網址：https://occupation.csmu.edu.tw/)點選「徵才資訊」，請自行下載相關表格。
＊須檢附資料(請整理成一冊)：
一、履歷表(含著作目錄)
二、學經歷證件(含學位論文)
三、最近五年內著作 (2021.2.1迄今)
四、二封推薦信，本校主動邀聘者得免附。
五、課程綱要(請針對「廠礦安全與評鑑實務」這門課提出)；試教課程科目為「廠礦安全與評鑑實務」。
※持國外學歷者，請繳交(1)經駐外單位驗證之國外學歷證件、(2)經駐外單位驗證之國外學歷歷年成績證明、(3)內政部移民署核發之入出境紀錄(應包括前往地區及學歷修業之起訖時間)。
※相關應徵資料請逕寄本校人事室(註明應徵專任教師)，符合者通知面試，恕不退件。
※本校應徵者個人資料蒐集告知聲明：https://giamm.csmu.edu.tw/p/404-1006-58914.php?Lang=zh-tw
---------------------------------------------------------------
＊聯絡人：沈秘書
＊聯絡電話：04-36098762
＊聯絡地址：402台中市南區建國北路一段110號 (中山醫學大學 人事室 收；請註明應徵專任教師)
＊聯絡Email：cs1825@csmu.edu.tw
＊查詢網址：https://occupation.csmu.edu.tw/
＊截止日期：西元  2025年8月11日(郵戳為憑)
發佈日期：2025-07-22 00:00:00"
國立高雄科技大學水產食品科學系誠徵專任教師啟事,2025-07-22,https://www.nstc.gov.tw/folksonomy/detail/eb8301f4-40cb-44f1-b239-46a2a6d174e2?l=ch,"一、職稱與人數
1.徵助理教授(含)以上以上1名。
2.起聘日期：115年02月01日，得視實際聘任作業情況而定。
3.收件截止：114年08月31日(以郵戳為憑)
二、應徵條件
(一)具教育部認可之國內外博士學位。
(二)具有食品科學領域，專長有「食品化學、食品工程」或具有「人工智慧(AI) 」專長尤佳。
(三)具國際事務經驗與專業能力。
(四)具有英語授課能力，能配合本系EMI課程教學
(五)具有研究能力及相關實務工作經驗。
(六)應具備一年以上與所任教領域相關且有助於教學之業界實務工作經驗(採認標準依本校專任教師聘任辦法規定辦理)，但技術及職業教育法施行(104年1月16日)前已在職之技職校院專任合格教師且任教年資未中斷者，不在此限。
(七)應徵者須符合本校「水圈學院學院新聘各職級專任(案)教師資格審查要點」規範。
三、應徵資料
1.擬新聘教師資料表【附表1】
2.填具近三年內之水圈學院新聘教師點數核算表並檢附佐證資料(每篇論文首頁與以WOS資料庫為主之證明文件，點數核算請參考水圈學院新聘教師審查要點【附表2】
3.個人自傳、簡歷 (格式不限)
4.碩士及博士學位畢業證書影本
5.碩士及博士歷年成績單影本，最高學位係國外學歷者，請另檢附下列資料影本，並分別於空白處繕寫「與正本無誤」及簽名。
(1) 經我國外交部駐外單位完成驗證之學位證書及歷年成績證明
(2) 國外學歷送審教師資格修業情形一覽表【附表3】
(3) 修業前後及修業期間之入出境紀錄(請至內政部入出國及移民署各地辦事處申請)。
6.擬任人員具結書並簽名。【附表4】
7.一年以上與任教領域相關之業界實務工作經驗證明文件，如相關服務證明、離職證明、聘書(國外任職證明須附中文譯本並經我國駐外單位驗證)。
8.曾經執行計畫列表（例如：國科會計畫、產學合作計畫等)。
9.研究專長與未來研究、教學規畫與可開授課程名稱。
10.五年內通訊或第一作者之著作全文(未刊登者應附接受函)。
11.近五年著作目錄。
12.博士論文封面中、英文題目及摘要。
13.已具助理教授級（含）以上教師資格者，請附教師證影本(無則免附)。
14.推薦函 (選繳)。
15.其他有助審查之文件(如專利、發明、榮譽事蹟；證書、技轉等)。
16.上述之應徵資料，並請掃瞄成電子檔，並請E-mail至水食系系信箱( thoffice01@nkust.edu.tw )，請註明「應徵教師個人資料表_OOO(姓名)」，另提供第1、2、3、8、9、10項請提供WORD電子檔，請勿轉成PDF檔)。
四、可任教科目及工作項目
(一)教學：具有開設食品化學、食品工程、食品科學相關課程或人工智慧(AI)相關課程等之能力者。
(二)須配合校方規定開設全英語課程及本系課程授課。
(三)配合研究與服務且能配合協助校系之行政業務之執行。
五、聯絡人
姓名：水食系吳汶霈小姐
電話：07-3617141轉23628
電子信箱：thoffice01@nkust.edu.tw
系所網址：https://dsfs.nkust.edu.tw/
六、備註
1.徵才相關疑問，請洽詢聘用單位聯絡人。
2.應徵資料郵寄地址：請於中華民國 114年08月31日前(郵戳為憑)檢具資料依序備齊，以掛號郵寄81157高雄市楠梓區海專路142號水產食品科學系收，信封，並應註記「應徵水產食品科學系教師」，所有資料請以影本交寄，個人重要文件請自行保留正本，恕不退還書面資料。
3.書面資料經審查合格者，擇優另行通知面試。
4.新聘教師起聘日期:115年2月1日，得視實際聘任作業情況延後至115年8月1日。
附件網址:
https://personnel.nkust.edu.tw/p/404-1019-94389.php
發佈日期：2025-07-22 00:00:00"
中國醫藥大學牙醫學系口腔生物實驗室誠徵博士後研究員,2025-07-22,https://www.nstc.gov.tw/folksonomy/detail/a040faf7-a7f5-478a-bc85-2425fdd0f96a?l=ch,"【招聘職務】博士後研究員
【工作地點】中國醫藥大學(英才校區)
【工作內容】研究計畫執行、實驗室管理、臨時交辦事項
【徵才條件】具備以下條件者歡迎加入
1. Candidates must be able to read and speak Chinese (可中文溝通協助處理實驗室業務)
2. 嫻熟分生、細胞、微生物、動物實驗技術者。
3. 具獨立研究能力，可協助報告統整、計畫撰寫、成果發表者。
4. 個性隨和，與實驗室相處融洽者。
5. 未來規劃任教、或繼續研究工作者。
【薪資福利】依博士後研究員資歷調整(60680-85000/月)
【應徵方式】即日起，意者請備履歷表、自傳、博士論文全文、著作發表清單等資料,E-mail至tmshieh@mail.cmu.edu.tw，資格符合者將通知面試，主旨請註明應徵博士後研究員。
發佈日期：2025-07-22 00:00:00"
"玄奘大學應用心理學系114學年度第2學期徵聘專任(案)師資公告(114.9.1截止收件, 以郵戳為憑)",2025-07-22,https://www.nstc.gov.tw/folksonomy/detail/f017dfd3-8243-496b-a9a4-2305560d49af?l=ch,"學術專長：諮商心理、臨床心理，以上述領域優先
應備文件：
1.履歷表、照片、中文自傳及身分證影本
2.最高學歷畢業證書影本、成績單（國外學歷證件須經駐外單位驗證，並附中文譯本）
3.博碩士論文摘要
4.學術著作摘要
5.教師證書、服務證明（無則免附）
6.可授課程說明
發佈日期：2025-07-22 00:00:00"
國立高雄餐旅大學 高教深耕計畫辦公室誠徵國際事務計畫專任助理,2025-07-21,https://www.nstc.gov.tw/folksonomy/detail/ded2f51a-14bb-464f-abb8-4e29f5b3d0e8?l=ch,"114年度「高教深耕計畫」國際事務計畫助理 正取一人；備取一人
待遇: 薪資33,238元/月
工作內容:
1.協助外賓參訪及聯繫。
2.彙整國際排名資料分析及推動業務。
3.協助國際評鑑業務彙整與規劃。
4.撰寫對外英文版文宣，如fb、ig、英文電子報等。
5.執行深耕計畫指標執行及管考。
6.主管交辦事項及協助處內各項業務。
報名方式:
一、需要更進一步瞭解本校徵才資訊請參閱「本校全球資訊網／求才專區」（http://psla.nkuht.edu.tw/news2/news.php?class=105,106,107）
二、請先至本校網站→行政單位→教務處→高教深耕計畫辦公室→高教深耕計畫辦公室表格下載【計畫工作人員甄選報名表】填寫及簽名。
三、請檢送(1)履歷表及簡要自傳，(請用電腦繕打A4規格並附上近照一張)，(2)畢業證書影本，(3)有關證照影本及其他有助審查之相關資料(文件格式一律A4格式)。紙本寄送至高雄市小港區松和路1號 國立高雄餐旅大學人事室收，或電子PDF檔寄送至本校人事室信箱(personnel@mail.nkuht.edu.tw)，副本寄送至職缺聯絡人信箱(ytchen@mail.nkuht.edu.tw)。
四、職缺聯絡人：高教深耕計畫辦公室 陳小姐　電話：07-8060505轉12601
五、截止收件期限：114年7月29日(二)止送達人事室或以電子郵件寄件日期為準(逾期恕不受理)
六、經初審合格者，擇期通知甄試，不合格者恕不退件。
七、報名方式：以書面方式郵寄、親送本校人事室或寄E-mail(信封外或E-mail主旨請務必註明應徵「高教深耕計畫辦公室 國際事務計畫助理」)
報名資格:
一、基本資格：
1.我國國民(具國民身分證)。
2.優先考慮我國領有身心障礙手冊或具原住民身分者，唯須經本校用人單位評定具適任之工作能力者始得進用。
二、基本具備能力及條件：
1.學歷需學士學位以上畢業(需提供學歷證明文件影本)。
2.基本公文撰寫能力(需測驗)。
3.基本英文聽說讀寫能力(需測驗)。
4.熟悉Word文書處理、Excel資料處理能力。
5.配合度佳、個性樂觀，擅長跨部門溝通協調及團隊合作。
6.優先考慮我國領有身心障礙手冊或具原住民身分者。
三、專業能力及條件：
1.英文聽說讀寫良好。
2.對於處理學生事務具耐心者。
3.具備撰寫報告書及跨單位資料統整能力。
四、報名時需檢附以上證件影本，經錄取後查驗正本無誤，試用期三個月，合格後始得正式簽約雇用。
備註:
1.預定報到日期：114年8月4日起聘，得視徵聘進度調整。
2.甄試方式：公文20%、專業能力測驗30%、主管面試50%，面試後圈定約用人選。
3.聘任期間：114年8月4日至114年12月31日止(定期契約，該計畫有延續依年度考核成績決定是否續聘)。
4.備取人員：三個月內遇缺以備取人員直接遞補。
發佈日期：2025-07-21 00:00:00"
國立高雄科技大學水產食品科學系誠徵專任教師啟事,2025-07-21,https://www.nstc.gov.tw/folksonomy/detail/30feeedf-d6b8-4d23-b64b-7e6ad17acbfe?l=ch,"一、職稱與人數
1.徵助理教授(含)以上以上1名。
2.起聘日期：115年02月01日，得視實際聘任作業情況而定。
3.收件截止：114年08月31日(以郵戳為憑)
二、應徵條件
(一)具教育部認可之國內外博士學位。
(二)具有食品科學領域，專長有「食品化學、食品工程」或具有「人工智慧(AI) 」專長尤佳。
(三)具有研究能力及相關實務工作經驗。
(四)具有英語授課能力，能配合本系EMI課程教學
(五)應具備一年以上與所任教領域相關且有助於教學之業界實務工作經驗(採認標準依本校專任教師聘任辦法規定辦理)，但技術及職業教育法施行(104年1月16日)前已在職之技職校院專任合格教師且任教年資未中斷者，不在此限。
(六)應徵者須符合本校「水圈學院學院新聘各職級專任(案)教師資格審查要點」規範。查要點」規範。
三、應徵資料
1.擬新聘教師資料表【附表1】
2.填具近三年內之水圈學院新聘教師點數核算表並檢附佐證資料(每篇論文首頁與以WOS資料庫為主之證明文件，點數核算請參考水圈學院新聘教師審查要點【附表2】
3.個人自傳、簡歷 (格式不限)
4.碩士及博士學位畢業證書影本
5.碩士及博士歷年成績單影本，最高學位係國外學歷者，請另檢附下列資料影本，並分別於空白處繕寫「與正本無誤」及簽名。
(1) 經我國外交部駐外單位完成驗證之學位證書及歷年成績證明
(2) 國外學歷送審教師資格修業情形一覽表【附表3】
(3) 修業前後及修業期間之入出境紀錄(請至內政部入出國及移民署各地辦事處申請)。
6.擬任人員具結書並簽名。【附表4】
7.一年以上與任教領域相關之業界實務工作經驗證明文件，如相關服務證明、離職證明、聘書(國外任職證明須附中文譯本並經我國駐外單位驗證)。
8.曾經執行計畫列表（例如：國科會計畫、產學合作計畫等)。
9.研究專長與未來研究、教學規畫與可開授課程名稱。
10.五年內通訊或第一作者之著作全文(未刊登者應附接受函)。
11.近五年著作目錄。
12.博士論文封面中、英文題目及摘要。
13.已具助理教授級（含）以上教師資格者，請附教師證影本(無則免附)。
14.推薦函 (選繳)。
15.其他有助審查之文件(如專利、發明、榮譽事蹟；證書、技轉等)。
16.上述之應徵資料，並請掃瞄成電子檔，並請E-mail至水食系系信箱( thoffice01@nkust.edu.tw )，請註明「應徵教師個人資料表_OOO(姓名)」，另提供第1、2、3、8、9、10項請提供WORD電子檔，請勿轉成PDF檔)。
四、可任教科目及工作項目
(一)教學：具有開設食品化學、食品工程、食品科學相關課程或人工智慧(AI)相關課程等之能力者。
(二)須配合校方規定開設全英語課程及本系課程授課。
(三)配合研究與服務且能配合協助校系之行政業務之執行。
五、聯絡人
姓名：水食系吳汶霈小姐
電話：07-3617141轉23628
電子信箱：thoffice01@nkust.edu.tw
系所網址：https://dsfs.nkust.edu.tw/
六、備註
1.徵才相關疑問，請洽詢聘用單位聯絡人。
2.應徵資料郵寄地址：請於中華民國 114年08月31日前(郵戳為憑)檢具資料依序備齊，以掛號郵寄81157高雄市楠梓區海專路142號水產食品科學系收，信封，並應註記「應徵水產食品科學系教師」，所有資料請以影本交寄，個人重要文件請自行保留正本，恕不退還書面資料。
3.書面資料經審查合格者，擇優另行通知面試。
4.新聘教師起聘日期:115年2月1日，得視實際聘任作業情況延後至115年8月1日。
附件網址:
https://personnel.nkust.edu.tw/p/406-1019-89695,r175.php
發佈日期：2025-07-21 00:00:00"
中國醫藥大學附設醫院 異種移植轉譯研究中心誠徵碩士級研究助理,2025-07-21,https://www.nstc.gov.tw/folksonomy/detail/595240f3-ce93-4997-9494-35c653bd693a?l=ch,"【職缺名稱】研究助理
【徵才單位】中國醫藥大學附設醫院 異種移植轉譯研究中心
【工作地址】中國醫藥大學英才校區
【工作內容】
1.	具免疫學相關經驗
2.	仿生微環境建立、細胞動態培養，具動物試驗相關經驗為佳
【薪資待遇】
比照校院專任助理相關規定(含勞健保及年終)，碩士第一年41,500元起/月。
【聯絡方式】意者請寄個人詳細履歷(含著作表，中英文皆可)、個人簡要自傳、畢業證書至minayu86@gmail.com 余旻樺收 (信件標題請註明『應徵異種移植實驗室研究助理─應徵者姓名』) ，資格符合者將擇期通知面談時間。
發佈日期：2025-07-21 00:00:00"
國立聯合大學材料科學工程學系誠徵專任助理教授(含)以上兩名,2025-07-21,https://www.nstc.gov.tw/folksonomy/detail/fa5fc1f6-93ce-46ae-ab54-321704e72035?l=ch,"國立聯合大學材料科學工程學系教師甄選公告
一、甄選人數：
專任助理教授以上兩名，從事教學、研究、服務與輔導之工作，預定2026年2月1日起聘。
二、應徵資格：
1.具國內外大學材料科學工程相關領域之博士學位。
2.具開設EMI課程能力。
三、檢附資料：
1. 學經歷履歷表（可參照國科會個人資料表格式）書面資料，並請將電子檔email至mse@nuu.edu.tw。
2. 博士學位證書影本，持國外學歷者畢業證書需先經駐外單位認可並提供出入境證明。
3. 大學及研究所成績單影本。
4. 推薦函 3 封及其聯絡方式(需含博士論文指導教授)。
5. 著作目錄，博士論文（全文）及近五年內具代表性之學術著作（全文）之抽印或影印本。
6. 研究計畫書（介紹未來可能進行之研究，並預估所需之研究設備及經費）。
7. 教學計畫(預計大學部、碩士班可開課之課程名稱與教學大綱)。
8. 其他有助審查之文件（如部頒助理教授以上教師證書影本、專利、計畫、獲獎等相關文件）。
9. 預計面試時間為2025年9月底。
※註：所附資料請自行留存，恕不退件。
四、第一階段審查為書面審查，條件符合本系需求者通知第二階段面試。
五、面試
全程面試時間約30分鐘，其中包含英文試教(由聘用單位決定)、研究成果/可授課課程及Q&A。
六、應徵者需檢附相關資料請於114年9月23日(星期二)前（郵戳為憑）以掛號方式寄至：36063 苗栗市南勢里聯大二號/2, Lienda, Miaoli 36063, Taiwan, R.O.C國立聯合大學材料科學工程學系 系主任收。(封面請註明「應徵教師」) 。
七、相關應徵資格條件等問題請逕洽系所聯絡人：
國立聯合大學材料科學工程學系 羅小姐 電話：037-382230  E-mail：mse@nuu.edu.tw
發佈日期：2025-07-21 00:00:00"
【誠徵博士後研究員】臺北醫學大學代謝與肥胖科學研究所林雅婷老師實驗室,2025-07-21,https://www.nstc.gov.tw/folksonomy/detail/b9acd095-8dde-4fe5-91c1-d91b1cebc8b0?l=ch,"臺北醫學大學代謝與肥胖科學研究所林雅婷老師實驗室誠徵博士後研究員
【工作地址】
臺北醫學大學代謝與肥胖科學研究所
臺北市信義區吳興街250號(信義校區)
【研究方向】
探討中樞神經系統對代謝路徑的調控機制
【工作內容】
1. 協助執行實驗室研究計畫，並參與實驗設計與操作。
2. 撰寫研究成果報告，協助計畫申請及期刊論文投稿。
3. 指導研究生進行實驗操作與技術訓練。
4. 支援實驗室日常運作，並配合完成主管交辦之相關事項。
【應徵條件】
1.具生物醫學、營養等相關生命科學領域博士學位。
2.熟悉分子/細胞或動物實驗操作。
【薪資待遇】
依國科會計畫補助核定。
【應徵資料】
1. 個人履歷 (含著作目錄)
2. 有參考性相關資料
3. 以上資料請寄至林老師信箱：yatinlin@tmu.edu.tw，信件主旨請註明：「應徵博士後研究員_姓名」；
發佈日期：2025-07-21 00:00:00"
臺灣科技大學電機系誠徵專任助理教授(以上)一名(積體電路與設計組),2025-07-21,https://www.nstc.gov.tw/folksonomy/detail/b594a5d1-0e6e-4c76-bdb0-0e4f4e532f1e?l=ch,"人員區分：專任教師
用人單位：電機系
職稱：助理教授級以上
名額：一名
性別：不限
待遇：依本校專任教師規定
聘期：115.02.01起聘
公告日期：即日起
截止日期：114.9.15
資格條件：
1、已獲博士學位(預計於115 年01 月31 日以前可取得博士學位者，須檢附指導教授出具之證明函)，助理教授資格以上。
2、至起聘日止，依據技術及職業教育法第25 條，「應具備一年以上與任教領域相關之業界實務工作經驗，但於施行(2015年 1月 14日)前已在職之專任合格教師，不在此限。前項與任教領域相關之業界實務工作經驗之認定標準，由中央主管機關定之。」
3、具積體電路設計(類比/射頻積體電路、數位積體電路/嵌入式系統與軟硬體整合設計、電源管理積體電路、人工智能加速積體電路、積體電路測試、積體電路設計自動化等)相關專長者。
4、可授類比積體電路設計、電子電路、超大型積體電路設計實習等積體電路與系統相關課程，具備產學合作，英文授課能力及國際交流經驗者尤佳。
5、曾有下列情事之一者，本校不得僱用：(一)犯性侵害犯罪防治法第二條第一項之性侵害犯罪，經有罪判決確定。(二)經學校性別平等教育委員會（以下簡稱性平會）或依法組成之相關委員會調查確認有性侵害行為屬實。(三)經學校性平會或依法組成之相關委員會調查確認有性騷擾或性霸凌行為，有終止契約及終身不得擔任教育從業人員之必要。(四)經學校性平會或依法組成之相關委員會調查確認有性騷擾或性霸凌行為，有終止契約之必要，且議決一年至四年不得擔任教育從業人員，於該管制期間。(五)經主管教育行政機關認定符合補習及進修教育法第九條第六項第二款之情事。(六)經主管教育行政機關認定符合補習及進修教育法第九條第六項第三款之情事，且於該認定一年至四年不得聘用或僱用期間。
特殊條件：無
工作項目：依本校專任教師規定
工作地址：(10607)台北市大安區基隆路4段43號國立臺灣科技大學
應備申請資料：
1、履歷自傳（含學經歷及各項服務）。
2、研究成果及相關著作目錄。
3、五年內代表著作。
發佈日期：2025-07-21 00:00:00"
[誠徵研究助理] 中研院植微所韋保羅Lab,2025-07-21,https://www.nstc.gov.tw/folksonomy/detail/3b397e5f-af4d-4ddf-ac9e-205c7f7eb3bc?l=ch,"[單位]
中研院植物暨微生物學研究所 韋保羅實驗室
[職務名稱]
研究助理
[工作內容]
與植物逆境訊息相關的研究計畫。計畫將涉及分子生物學（cloning、構築質體製備、Crispr/CAS9 突變、突變株和基因改造植物的基因分型）、生物化學（重組蛋白表現、protein-protein相互作用、protein-ligand相互作用）以及植物生理學實驗。
[應徵資格]
申請人應具有近期獲得之碩士或學士學位，並具備研究經驗。
具分子生物學、生物化學或細胞生物學經驗者優先。
植物生理學和植物照顧經驗者優先，但非強制要求。
[薪資]
學士級: 38,388元/月(含)以上
碩士級: 44,968元/月(含)以上
[聯絡人]
韋保羅 老師 (Dr. Paul Verslues)
[連絡電話]
02-2787-1077
[Email]
paulv@gate.sinica.edu.tw
[應備文件]
意者請附上履歷以及描述你對這個職位的經驗和興趣，並附上1-2位推薦人姓名及email，寄至韋保羅老師信箱(paulv@gate.sinica.edu.tw)。所有資料必須以英文呈現。符合資格的應徵者將進一步安排面試。
實驗室成員多為外國人，以英語溝通為主，英語程度只要外國人能聽懂即可
發佈日期：2025-07-21 00:00:00"
致理科技大學徵求114學年度第1學期師資公告(會計資訊系),2025-07-21,https://www.nstc.gov.tw/folksonomy/detail/7ab8ff37-f151-4683-8080-fcfecbf0a134?l=ch,"一、師資需求：詳見公告內容
二、工作時間：專案教師週一至週五配合學校上班（上課）時間
三、工作期程：專案教師一年一聘，服務滿一學年經教師考核通過者作為續聘及晉薪之參據
四、授課時數：專案教師比照各級專任教師之基本授課時數，協助各行政單位、學院(中心)行政工作者減2小時基本授課時數。新聘第1年及初次擔任大專校院之專任(案)教師2年內，不得超支鐘點及新聘2年內不得校外兼課
五、待　　遇：專案教師比照新進專任教師薪資標準敘薪
六、其他福利：專案教師參加勞工退休金、勞工保險、全民健保
七、應備資料：
(一)中文履歷表(請附紙本)
(二)最高學歷證書影本一份（外國學歷須經駐外單位認證）
(三)最高學歷歷年成績單一份（外國學歷須經駐外單位認證）
(四)教師證書一份(依應徵規定)
(五)具專職工作累積達3年以上業界實務經驗之相關證明影本一份
(六)代表作一份（請附五百字以內提要）
(七)個人企劃文案作品集和學術著作影本或抽印本
(八)任教科目之課程目標與教學大綱、教學計畫
(九)其他有益審查之資料：推薦函兩封、相關證照影本、數位教材製作成果（請附上網站網址或光碟）及實務績效紀錄等
(十)以助理教授級以上專業技術人員資格應徵者，請檢附「曾從事與應聘科目性質相關之專業性工作9 年以上，具有特殊專業實務經驗、造詣或成就」之相關資料。
附註：
(一)初審通過者將另行通知面試，申請者所寄之各項申請資料，敬請自留底稿，恕不退還。
(二)本校因應人力資源規劃所需，將基於人事管理之目的蒐集、處理、利用您所提供個人資料，謹供本校內部人事室同仁及需求單位主管面試參考之用。
八、應徵方式：
(一)意者請將紙本資料於114年7月31日下午4時前寄達或送達本校人事室，並在信封上註明「應徵會計資訊系」。資料不齊者，恕不受理，所寄資料請自行留底，恕不退件。
(二) 並請至https://forms.gle/vPTvQ83auKqTEHKp9填寫相關資料，以便彙整。
九、本次徵聘如無適當人選，則不予錄取。
十、連絡資訊：電話2257-6167轉1221鄧小姐。本校地址：22050新北市板橋區文化路一段313號
發佈日期：2025-07-21 00:00:00"
國立臺灣大學公共衛生學院全球衛生學位學程辦公室誠徵專任研究助理1名,2025-07-21,https://www.nstc.gov.tw/folksonomy/detail/1c6614a7-71f9-44f9-88db-fb26fe3b7b3e?l=ch,"國立臺灣大學公共衛生學院全球衛生學位學程辦公室誠徵專任研究助理1名，歡迎加入臺大全球衛生學位學程工作團隊，提供學程師生更優質的服務。求職者請務必詳讀以下徵才資訊：
工作內容：
學程行政工作：
1.辦理招生入學業務（國際生+本地生）
2.學生事務、會議活動、經費核銷等例行庶務
3.計劃書與報告書編寫
4.其他交辦事項（如:畢業生流向調查/網站與社群媒體經營更新/協助學院國際活動等）
工作地點：
國立臺灣大學公共衛生學院（臺北市中正區徐州路17號）
應徵資格：
1. 善溝通表達且具備服務熱忱之特質
2. 學士以上學位，科系不限，具有學校行政工作經驗者尤佳
3. 熟悉Microsoft Office文書作業軟體
4. 持下列任一英語證照者將優先考慮：CEFR B2以上/全民英檢（GEPT） 中高級以上/多益（TOEIC） 750分以上/雅思（IELTS） 5.5分以上/托福（TOEFL）紙筆iTP 527分以上；網路iBT 72分以上
5. 無長期服務意願者勿試
6. 預計起聘日期：2025年 8 月中下旬（需通過臺大校內徵聘程序）
應徵評審項目：
1.第一階段為書面資料審查，2025年7月31日中午12:00停止收件。
2.第二階段（擇優通知）面試，日期預定為2025年8月04日至08日之間。審查合格者，將以E-mail通知面試時間，未合格者恕不通知。
書面資料審查檢附資料：
1.個人履歷表（含學經歷、自傳、照片、並詳述專長、英語及電腦　能力），格式不限請應徵者依時序排列自行發揮。
2.學歷證書影本（國外學歷需由外交部認證）。
3.其它有助於審查之相關資料
4.所有履歷文件均於該次徵才活動結束後銷毀，恕不退件
工作時間：
本職缺工作時間符合勞基法規定（8:00-17:00或9:00-18:00，彈性上下班1小時）
薪資待遇：
比照國立臺灣大學計畫專任研究助理支給參考表，學士級36,300元起／碩士級41,500元起，含勞、健保、公提儲金及年終獎金。
工作福利
比照臺大職員享有的員工優惠（如：臺大醫院內各式商場打九折等）。
應徵方式：
意者請備妥前述書面審查資料電子檔，傳送至ntumgh@ntu.edu.tw。
（信件主旨請填""應徵【全球衛生學位學程專任研究助理】_申請者姓名""）
發佈日期：2025-07-21 00:00:00"
致理科技大學徵求114學年度第1學期師資公告(行銷與流通管理系),2025-07-21,https://www.nstc.gov.tw/folksonomy/detail/d84a10f1-d80d-4dc3-836e-34e9172a0fb6?l=ch,"一、師資需求：詳見公告內容
二、工作時間：專案教師週一至週五配合學校上班（上課）時間
三、工作期程：專案教師一年一聘，服務滿一學年經教師考核通過者作為續聘及晉薪之參據
四、授課時數：專案教師比照各級專任教師之基本授課時數，協助各行政單位、學院(中心)行政工作者減2小時基本授課時數。新聘第1年及初次擔任大專校院之專任(案)教師2年內，不得超支鐘點及新聘2年內不得校外兼課
五、待　　遇：專案教師比照新進專任教師薪資標準敘薪
六、其他福利：專案教師參加勞工退休金、勞工保險、全民健保
七、應備資料：
(一)中文履歷表(請附紙本)
(二)最高學歷證書影本一份（外國學歷須經駐外單位認證）
(三)最高學歷歷年成績單一份（外國學歷須經駐外單位認證）
(四)教師證書一份(依應徵規定)
(五)具專職工作累積達3年以上業界實務經驗之相關證明影本一份
(六)代表作一份（請附五百字以內提要）
(七)個人企劃文案作品集和學術著作影本或抽印本
(八)任教科目之課程目標與教學大綱、教學計畫
(九)其他有益審查之資料：推薦函兩封、相關證照影本、數位教材製作成果（請附上網站網址或光碟）及實務績效紀錄等
(十)以助理教授級以上專業技術人員資格應徵者，請檢附「曾從事與應聘科目性質相關之專業性工作9 年以上，具有特殊專業實務經驗、造詣或成就」之相關資料。
附註：
(一)初審通過者將另行通知面試，申請者所寄之各項申請資料，敬請自留底稿，恕不退還。
(二)本校因應人力資源規劃所需，將基於人事管理之目的蒐集、處理、利用您所提供個人資料，謹供本校內部人事室同仁及需求單位主管面試參考之用。
八、應徵方式：
(一)意者請將紙本資料於114年7月31日下午4時前寄達或送達本校人事室，並在信封上註明「應徵行銷與流通管理系」。資料不齊者，恕不受理，所寄資料請自行留底，恕不退件。
(二) 並請至https://forms.gle/vPTvQ83auKqTEHKp9填寫相關資料，以便彙整。
九、本次徵聘如無適當人選，則不予錄取。
十、連絡資訊：電話2257-6167轉1221鄧小姐。本校地址：22050新北市板橋區文化路一段313號
發佈日期：2025-07-21 00:00:00"
